	Apilactobacillus kunkeei	Apilactobacillus bombintestini	Apilactobacillus apinorum	Bombilactobacillus folatiphilus	Bombilactobacillus thymidiniphilus
TTT	1.1115239717190484	1.2936621916952855	1.2525306913633427	1.6406483046634184	1.6398618123837363
TTC	0.8884760282809517	0.7063378083047143	0.7474693086366573	0.3593516953365815	0.3601381876162636
TTA	2.545240712806484	3.4487406881873004	3.2108664117104047	2.5508683882950347	2.766107870139446
TTG	1.0820954669802878	0.9083008158921604	0.8396676777001186	2.135108968406078	1.8816768233176464
CTT	0.6694449415795259	0.49485633203263574	0.6151127522088883	0.3228151982770544	0.36147556982065016
CTC	0.05599161404136732	0.03529620432777581	0.057444283265198466	0.21991266720673372	0.13493526490425278
CTA	1.521284483419835	1.059772969137992	1.1795859158644335	0.3557724605322954	0.5029168744984929
CTG	0.12594278117250018	0.05303299042213551	0.09732295925095608	0.41552231728280414	0.35288759731951164
ATT	1.7966159630832337	1.993417633812576	1.9851177449006387	2.3249755490352984	2.1716762831163337
ATC	0.9941890275166638	0.6050926727871124	0.756368729755756	0.5063572508224415	0.49953176449264414
ATA	0.20919500940010255	0.4014896934003118	0.258513525343605	0.16866720014226017	0.32879195239102194
ATG	1.0	1.0	1.0	1.0	1.0
GTT	2.0641808334116027	1.762673161820673	2.121649348070686	1.5972403949090044	1.7555926762962237
GTC	0.5240912933220626	0.23230324250266404	0.43060427559732606	0.7207089330319971	0.5047984016245783
GTA	0.9754234369618986	1.5714720657634342	0.9905354424515189	0.5922445581063399	0.8622056270675708
GTG	0.4363044363044364	0.43355152991322876	0.45721093388046863	1.0898061139526583	0.8774032950116276
TCT	1.0402005205822809	1.6724059995890692	1.272021861610607	1.112742527530152	1.3702842571064275
TCC	0.38291718885568304	0.5949455516745429	0.2884518066192099	0.5810173046670162	0.5089627240681017
TCA	2.2710884025836306	1.5008013149784263	2.1183495833473907	1.1700052438384896	1.1209780244506113
TCG	0.19608599248047814	0.1555783850421204	0.1755001518167403	0.7414787624541164	0.51908797719943
AGT	1.5160512869950835	1.6193959317854942	1.6303093687797308	1.8663869952805452	1.8578714467861699
AGC	0.593656608502844	0.4568728169303472	0.5153672278263216	0.5283691662296801	0.6228155703892597
CCT	1.1730464169942754	1.8427926078028747	1.2707150138342798	1.07518115942029	1.3527094232383905
CCC	0.20166908062625008	0.264476386036961	0.1799912625600699	0.5948822463768115	0.41852354194923463
CCA	2.384164425132768	1.7172895277207392	2.3020241735838067	1.3267663043478262	1.4870503132467867
CCG	0.2411200772467067	0.17544147843942504	0.2472695500218436	1.0031702898550725	0.7417167215655881
ACT	1.8310060298317994	2.456464910516791	2.053750762350071	1.2572597137014314	1.6986423989258541
ACC	0.8400507775309425	0.5974261009451035	0.5832079690994105	0.6830265848670757	0.4826197225123079
ACA	1.13344969850841	0.7448220390106576	1.130798942874568	1.0376278118609408	1.1296434432343727
ACG	0.19549349412884798	0.20128694952744824	0.2322423256759504	1.022085889570552	0.6890944353274653
GCT	1.7039510294936007	2.0861396265010037	1.7821019295438965	1.481104081518392	1.8497165025365565
GCC	0.720460025969208	0.5397174135383915	0.516373371641255	0.676669839314708	0.518531781557744
GCA	1.2775613677116182	1.1356490776165764	1.328936628685233	1.0272661105201277	1.0948373619814982
GCG	0.2980275768255735	0.23849388234402819	0.37258807012961576	0.8149599686467722	0.5369143539242017
TAT	0.8999832841143366	1.2249746878164023	1.1267605633802817	1.616711339004778	1.633164255745507
TAC	1.1000167158856633	0.7750253121835977	0.8732394366197184	0.383288660995222	0.3668357442544931
CAT	1.1214808246508536	1.4065420560747663	1.3432264241263763	1.5494116521572754	1.5259386030591506
CAC	0.8785191753491466	0.5934579439252337	0.6567735758736238	0.45058834784272456	0.4740613969408493
CAA	1.8594217347956132	1.9013040494166094	1.8763665051279161	1.5157696054554313	1.6015490847977787
CAG	0.14057826520438685	0.09869595058339052	0.12363349487208385	0.48423039454456895	0.3984509152022213
AAT	1.0150661063851594	1.300168918918919	1.2216957426950965	1.6168910648714812	1.6350304486515597
AAC	0.9849338936148406	0.6998310810810809	0.7783042573049034	0.3831089351285189	0.36496955134844034
AAA	0.9545244423899225	1.2916949382548515	1.2461712989222917	1.4102466266606541	1.4551751222821236
AAG	1.0454755576100774	0.7083050617451486	0.7538287010777085	0.5897533733393457	0.5448248777178764
GAT	1.3657474600870827	1.5555645258951278	1.5189037951072533	1.6465911201932009	1.6729226757280018
GAC	0.6342525399129174	0.44443547410487233	0.481096204892747	0.3534088798067992	0.3270773242719981
GAA	1.8388196142897237	1.8877373927703673	1.864117820821201	1.571330683842675	1.603675192450956
GAG	0.16118038571027626	0.11226260722963256	0.13588217917879902	0.4286693161573249	0.39632480754904387
TGT	1.510791366906475	1.4691026329930146	1.6195320447609358	1.5050467289719627	1.506365503080082
TGC	0.4892086330935252	0.5308973670069855	0.38046795523906407	0.49495327102803743	0.49363449691991784
TGG	1.0	1.0	1.0	1.0	1.0
CGT	2.456289978678038	2.8109682460751584	2.3223553577541938	2.0941597827970657	2.344209120396871
CGC	0.40085287846481876	0.4164239539674647	0.38904484765491265	1.1413552076714228	1.3062392673153977
CGA	0.4869160690056212	0.41301413653477304	0.5250256761383088	1.0280168678874704	0.8849456210646823
CGG	0.0496220197712735	0.04262271790864531	0.05669291338582677	1.0827797354283404	0.6277427971761115
AGA	2.3899980616398526	2.20146337998153	2.525710373159877	0.47969499162382306	0.6384277809578325
AGG	0.2163209924403954	0.11550756553242877	0.1811708319068812	0.173993414591878	0.19843541308910514
GGT	2.2006153846153844	2.1459635091227196	2.0335018050541516	1.9094919786096256	2.011904761904762
GGC	0.36622222222222217	0.38440389902524374	0.315956678700361	0.9038770053475935	0.799702380952381
GGA	1.1607521367521367	1.2615179538448722	1.3396389891696752	0.7398395721925134	0.8267857142857142
GGG	0.2724102564102564	0.2081146380071649	0.31090252707581223	0.44679144385026737	0.3616071428571429
TAA	2.3490774907749077	2.3140638481449525	2.366890380313199	1.9355468750000002	1.9512362637362637
TAG	0.522509225092251	0.5202761000862812	0.5078299776286354	0.552734375	0.5686813186813187
TGA	0.1284132841328413	0.16566005176876616	0.12527964205816552	0.51171875	0.4800824175824176
